등록번호,조사기관,의뢰자,조사일자,조사방법,표본추출틀,표본수(명),접촉률(%),응답률(%),"95%신뢰수준
표본오차(%p)",더불어민주당,국민의힘,조국혁신당,개혁신당,진보당,기타정당,"지지정당
없음","모름/
무응답"
13837,리서치뷰,리서치뷰/참여연대 조세재정개혁센터,24.12.29.~31.,무선ARS(100),무선RDD,1000,41.1 ,3.1 ,±3.1,42,30,6,5,2,4,10,1
13838,여론조사공정,파이낸스투데이/더퍼블릭,25.01.02.,무선ARS(100),무선RDD,1020,19.0 ,4.0 ,±3.1,42.4,36.5,4.1,3.0,1.0,3.6,8.9,0.6
13839,리얼미터,에너지경제신문,25.01.02.~03.,유선ARS(3)+무선ARS(97),유무선RDD,1001,26.0 ,4.9 ,±3.1,45.2,34.4,4.8,3.1,1.1,1.8,8.0,1.6
13840,여론조사꽃,여론조사꽃 자체조사,25.01.03.~04.,무선전화면접(100),가상번호,1015,28.0 ,14.0 ,±3.1,47.1,26.8,6.1,2.9,1.1,1.4,14.3,0.3
13841,KOPRA,아시아투데이,25.01.03.~04.,무선ARS(100),무선RDD,1000,19.1 ,4.7 ,±3.1,39,36,7,2,1,3,10,1
13842,KOPRA,뉴데일리,25.01.04.~05.,무선ARS(100),무선RDD,1000,27.4 ,5.1 ,±3.1,33.7,38.8,5.6,2.5,1.9,2.6,13.9,1.1
13846,여론조사공정,펜앤드마이크,25.01.05.~06.,무선ARS(100),무선RDD,1001,19.3 ,4.3 ,±3.1,40.9,40.2,3.6,2.7,1.2,3.1,7.5,0.9
13847,미디어리서치,뉴스핌,25.01.06.~07.,무선ARS(100),무선RDD,1000,21.4 ,5.5 ,±3.1,40.4,40.0,4.7,2.1,0.9,3.1,8.2,0.6
13848,조원씨앤아이,스트레이트뉴스,25.01.04.~06.,무선ARS(100),무선RDD,2003,23.9 ,4.7 ,±2.2,43.7,37.9,3.1,2.3,-,2.0,10.5,0.6
13849,한길리서치,쿠키뉴스,25.01.04.~06.,유선전화면접(9.2)+무선ARS(90.8),유무선RDD,1013,20.2 ,4.5 ,±3.1,37.0,36.3,4.9,2.1,1.2,6.1,11.9,0.6
13850,리서치뷰,KPI뉴스,25.01.05.~06.,무선ARS(100),무선RDD,1000,30.1 ,4.3 ,±3.1,43.3,33.5,7.4,3.4,1.1,4.6,5.8,0.8
13851,여론조사공정,데일리안,25.01.06.~07.,무선ARS(100),무선RDD,1003,16.0 ,4.1 ,±3.1,38.9,41.0,4.7,3.0,1.0,3.1,8.0,0.3
13852,"한국리서치, 케이스탯리서치","엠브레인퍼블릭, 케이스탯리서치,
코리아리서치인터내셔널, 한국리서치",25.01.06.~08.,무선전화면접(100),가상번호,1000,27.0 ,22.8 ,±3.1,36,32,7,3,1,2,18,1
13853,윈지코리아컨설팅,서울의소리,25.01.08.~09.,무선ARS(100),무선RDD,1035,31.2 ,5.4 ,±3.0,45.5,42.7,4.3,2.2,0.4,1.9,2.6,0.5
13854,한국갤럽조사연구소,한국갤럽 자체조사,25.01.07.~09.,무선전화면접(100),가상번호,1004,37.6 ,16.3 ,±3.1,36,34,5,2,1,2.1,17,2
13855,에브리리서치,에브리뉴스,25.01.08.~09.,무선ARS(100),무선RDD,1000,48.0 ,3.5 ,±3.1,35.4,42.3,3.4,2.1,1.1,4.0,11.2,0.5
13856,리서치앤리서치,펜앤드마이크,25.01.07.~09.,무선전화면접(100),무선RDD,1000,20.0 ,9.3 ,±3.1,43,35,4,3,1,3,11,0
13857,이너텍시스템즈,파이낸스투데이/더퍼블릭,25.01.09.~10.,무선ARS(100),무선RDD,1025,41.0 ,4.4 ,±3.1,36.1,40.8,6.3,2.8,1.4,2.7,9.2,0.8
13858,리얼미터,에너지경제신문,25.01.09.~10.,유선ARS(3)+무선ARS(97),유무선RDD,1006,35.1 ,5.7 ,±3.1,42.2,40.8,4.8,2.4,1.2,2.1,5.3,1.2
13859,KOPRA,아시아투데이,25.01.10.~11.,무선ARS(100),무선RDD,1002,19.5 ,7.7 ,±3.1,35,42,7,3,1,2,10,1
13860,여론조사꽃,여론조사꽃 자체조사,25.01.10.~11.,무선전화면접(100),가상번호,1007,25.4 ,16.7 ,±3.1,43.9,33.2,6.2,2.5,0.6,0.9,12.4,0.2
13861,한길리서치,시사오늘,25.01.11.~12.,유선전화면접(5.8)+무선ARS(94.2),유무선RDD,1006,20.8 ,5.8 ,±3.1,31.5,41.6,5.5,3.1,1.0,2.7,14.1,0.5
13863,여론조사공정,펜앤드마이크,25.01.12.~13.,무선ARS(100),무선RDD,1000,29.5 ,4.6 ,±3.1,39.8,45.7,3.0,2.1,0.8,2.5,5.8,0.4
13864,리서치뷰,KPI뉴스,25.01.12.~13.,무선ARS(100),무선RDD,1000,27.6 ,4.7 ,±3.1,40.5,39.7,5.6,2.1,1.1,4.1,6.2,0.7
13865,한길리서치,일요신문,25.01.12.~14.,유선전화면접(5.7)+무선ARS(94.3),유무선RDD,1013,20.8 ,5.8 ,±3.1,31.7,44.8,4.3,2.1,0.7,3.4,12.3,0.7
13866,미디어토마토,뉴스토마토,25.01.13.~14.,무선ARS(100),무선RDD,1031,19.9 ,6.5 ,±3.1,41.8,40.5,3.8,2.3,1.0,2.7,7.3,0.5
13867,여론조사공정,파이낸스투데이/더퍼블릭,25.01.14.~15.,무선ARS(100),무선RDD,1002,30.9 ,4.4 ,±3.1,39.9,44.5,4.0,1.9,1.0,2.4,6.2,0.3
13868,코리아정보리서치,천지일보,25.01.14.~15.,무선ARS(100),무선RDD,1005,22.7 ,6.2 ,±3.1,36.3,43.9,4.0,1.9,0.4,1.9,10.7,0.9
13869,"케이스탯리서치,
코리아리서치인터내셔널","엠브레인퍼블릭, 케이스탯리서치,
코리아리서치인터내셔널, 한국리서치",25.01.13.~15.,무선전화면접(100),가상번호,1005,31.8 ,19.6 ,±3.1,33,35,8,3,1,3,17,1
13870,윈지코리아컨설팅,서울의소리,25.01.15.~16.,무선ARS(100),무선RDD,1039,21.0 ,6.2 ,±3.0,44.0,47.5,1.9,1.7,0.6,1.7,2.4,0.2
13873,한국갤럽조사연구소,한국갤럽 자체조사,25.01.14.~16.,무선전화면접(100),가상번호,1001,38.1 ,16.3 ,±3.1,36,39,4,2,1,1.4,14,3
13874,리서치앤리서치,펜앤드마이크,25.01.14.~15.,무선전화면접(100),무선RDD,1014,20.4 ,9.9 ,±3.1,39,42,4,2,1,1,11,1
13875,리얼미터,에너지경제신문,25.01.16.~17.,유선ARS(3)+무선ARS(97),유무선RDD,1004,27.4 ,7.8 ,±3.1,39.0,46.5,4.2,1.9,0.7,1.2,5.4,1.0
13876,여론조사꽃,여론조사꽃 자체조사,25.01.17.~18.,무선전화면접(100),가상번호,1007,25.7 ,17.1 ,±3.1,43.2,38.1,5.6,1.7,0.8,0.8,9.6,0.3
13877,KOPRA,아시아투데이,25.01.17.~18.,무선ARS(100),무선RDD,1003,28.8 ,11.9 ,±3.1,35,46,5,3,2,3,8,0
13880,조원씨앤아이,시사저널,25.01.18.~19.,무선ARS(100),무선RDD,1006,26.7 ,6.7 ,±3.1,36.7,45.9,2.2,2.2,-,1.4,11.3,0.3
13883,여론조사공정,펜앤드마이크,25.01.19.~20.,무선ARS(100),무선RDD,1002,23.9 ,5.7 ,±3.1,40.3,45.3,4.0,2.2,0.9,2.2,4.6,0.5
13886,조원씨앤아이,스트레이트뉴스,25.01.18.~20.,무선ARS(100),무선RDD,2006,23.8 ,5.6 ,±2.2,39.0,45.3,2.5,1.4,-,1.6,10.0,0.3
13887,미디어리서치,뉴스핌,25.01.20.~21.,무선ARS(100),무선RDD,1012,22.9 ,7.8 ,±3.1,38.8,48.5,3.8,1.3,0.4,1.7,5.4,0.1
13888,여론조사공정,데일리안,25.01.20.~21.,무선ARS(100),무선RDD,1014,28.6 ,5.0 ,±3.1,37.3,46.4,2.8,1.6,1.4,3.1,7.1,0.3
13889,리서치뷰,KPI뉴스,25.01.19.~20.,무선ARS(100),무선RDD,1000,28.3 ,4.7 ,±3.1,40.4,41.5,5.9,2.9,1.1,3.4,4.2,0.6
13890,코리아정보리서치,프리진뉴스,25.01.20.~21.,무선ARS(100),무선RDD,1017,23.1 ,7.6 ,±3.1,36.8,44.4,4.2,1.6,0.8,1.0,10.1,1.1
13892,코리아정보리서치,천지일보,25.01.21.~22.,무선ARS(100),무선RDD,1002,22.1 ,6.0 ,±3.1,41.0,43.1,4.9,1.5,0.5,1.6,6.9,0.5
13893,"코리아리서치인터내셔널,
엠브레인퍼블릭","엠브레인퍼블릭, 케이스탯리서치,
코리아리서치인터내셔널, 한국리서치",25.01.20.~22.,무선전화면접(100),가상번호,1000,29.5 ,22.2 ,±3.1,36,38,5,2,1,1,16,1
13894,케이스탯리서치,조선일보,25.01.21.~22.,무선전화면접(100),가상번호,1005,25.5 ,16.6 ,±3.1,33,41,8,4,1,2,11,1
13895,에브리리서치,뉴스피릿,25.01.22.~23.,무선ARS(100),무선RDD,1000,30.3 ,5.2 ,±3.1,35.2,47.6,2.4,2.3,0.6,3.8,7.5,0.5
13896,윈지코리아컨설팅,서울의소리,25.01.22.~23.,무선ARS(100),무선RDD,1002,16.6 ,7.6 ,±3.1,45.2,46.8,2.3,1.7,0.4,1.5,1.8,0.4
13897,리서치앤리서치,펜앤드마이크,25.01.21.~22.,무선전화면접(100),무선RDD,1015,20.8 ,10.6 ,±3.1,40,39,5,2,0,2,11,0
13898,한국갤럽조사연구소,한국갤럽 자체조사,25.01.21.~23.,무선전화면접(100),가상번호,1000,40.5 ,16.4 ,±3.1,40,38,3,1,1,1.5,14,1
13900,리서치민,뉴데일리,25.01.23.~24.,무선ARS(100),무선RDD,2000,28.8 ,7.7 ,±2.2,36.8,46.7,3.6,1.4,0.6,1.7,8.2,1.1
13901,엠브레인퍼블릭,YTN,25.01.22.~23.,무선전화면접(100),가상번호,1003,19.4 ,19.4 ,±3.1,38,42,4,2,1,1,12,0
13903,리얼미터,에너지경제신문,25.01.23.~24.,유선ARS(3)+무선ARS(97),유무선RDD,1002,30.3 ,8.7 ,±3.1,41.7,45.4,4.5,1.0,1.0,1.1,4.9,0.5
13904,한국갤럽조사연구소,중앙일보,25.01.23.~24.,무선전화면접(100),가상번호,1031,30.7 ,13.3 ,±3.1,40,41,4,2,1,1,11,1
13905,여론조사공정,파이낸스투데이/더퍼블릭,25.01.24.~25.,무선ARS(100),무선RDD,1006,24.4 ,5.7 ,±3.1,42.6,45.5,2.9,2.1,0.8,1.6,4.1,0.5
13906,여론조사꽃,여론조사꽃 자체조사,25.01.23.~25.,무선전화면접(100),가상번호,1004,24.8 ,18.3 ,±3.1,45.2,37.8,4.3,1.8,0.8,0.7,9.2,0.2
13907,여론조사꽃,여론조사꽃 자체조사,25.01.23.~25.,무선전화면접(100),가상번호,1007,28.2 ,14.1 ,±3.1,47.0,36.5,4.9,1.4,1.3,1.3,7.5,0.0
13908,KOPRA,아시아투데이,25.01.24.~25.,무선ARS(100),무선RDD,2001,47.1 ,15.2 ,±2.2,37,44,5,3,1,1,8,1
13909,입소스 주식회사,SBS,25.01.23.~25.,무선전화면접(100),가상번호,1004,25.9 ,20.8 ,±3.1,39,39,4,2,1,1,14,1
13912,여론조사공정,펜앤드마이크,25.01.26.~27.,무선ARS(100),무선RDD,1000,23.0 ,6.0 ,±3.1,41.0,46.2,2.7,1.7,0.8,2.5,4.8,0.3
13913,케이스탯리서치,MBC,25.01.24.~25.,무선전화면접(100),가상번호,1004,25.5 ,19.1 ,±3.1,32,38,7,3,1,3,17,0
13914,한국리서치,KBS,25.01.24.~26.,무선전화면접(100),가상번호,1000,30.9 ,18.4 ,±3.1,37,35,8,3,1,2,14,1
13916,코리아리서치인터내셔널,MBC,25.01.27.~28.,무선전화면접(100),가상번호,1004,23.7 ,18.9 ,±3.1,44,41,4,2,0,1,8,1
13918,한국갤럽조사연구소,세계일보,25.01.31.~02.01.,무선전화면접(100),가상번호,1004,33.6 ,14.8 ,±3.1,41,38,3,1,1,1,13,1
13919,KOPRA,아시아투데이,25.01.31.~02.01.,무선ARS(100),무선RDD,1005,41.1 ,11.8 ,±3.1,39,43,5,2,1,2,8,1
13920,여론조사꽃,여론조사꽃 자체조사,25.01.31.~02.01.,무선전화면접(100),가상번호,1003,26.9 ,16.7 ,±3.1,50.4,34.3,3.5,2.3,0.5,0.9,8.1,0.1
13922,리서치뷰,리서치뷰/참여연대 조세재정개혁센터,25.01.29.~31.,무선ARS(100),무선RDD,1000,25.1 ,5.8 ,±3.1,42,41,5,3,0,4,4,1
13923,여론조사공정,펜앤드마이크,25.02.02.~03.,무선ARS(100),무선RDD,1002,26.8 ,5.1 ,±3.1,37.1,49.3,2.7,1.7,0.7,1.8,6.1,0.6
13924,에이스리서치,뉴시스,25.02.01.~02.,무선ARS(100),무선RDD,1000,28.8 ,4.5 ,±3.1,39.7,43.7,3.0,1.9,0.4,2.6,8.2,0.5
13925,여론조사공정,데일리안,25.02.03.~04.,무선ARS(100),무선RDD,1007,28.8 ,4.7 ,±3.1,42.5,42.1,3.1,1.9,0.7,2.0,6.9,0.8
13926,리서치뷰,KPI뉴스,25.02.02.~03.,무선ARS(100),무선RDD,1000,19.6 ,6.6 ,±3.1,42.5,38.7,5.9,2.5,0.5,3.9,5.6,0.4
13927,미디어토마토,뉴스토마토,25.02.03.~04.,무선ARS(100),무선RDD,1035,20.1 ,7.5 ,±3.0,41.4,41.1,3.6,2.0,0.7,1.3,9.3,0.5
13929,"엠브레인퍼블릭,한국리서치","엠브레인퍼블릭, 케이스탯리서치,
코리아리서치인터내셔널, 한국리서치",25.02.03.~05.,무선전화면접(100),가상번호,1005,29.5 ,20.0 ,±3.1,37,39,4,2,0,2,14,1
13930,미디어리서치,뉴스핌,25.02.05.~06.,무선ARS(100),무선RDD,1001,23.0 ,8.1 ,±3.1,41.4,43.2,4.5,1.5,0.7,2.3,5.9,0.5
13931,윈지코리아컨설팅,서울의소리,25.02.05.,무선ARS(100),무선RDD,1017,21.8 ,6.7 ,±3.1,44.4,46.7,2.0,1.7,0.7,1.8,2.5,0.2
13932,코리아정보리서치,프리진뉴스,25.02.05.~06.,무선ARS(100),무선RDD,1004,22.6 ,6.3 ,±3.1,43.9,42.8,3.3,0.5,0.8,2.1,5.7,0.9
13934,리서치앤리서치,펜앤드마이크,25.02.05.~06.,무선전화면접(100),무선RDD,1028,20.8 ,10.3 ,±3.1,39,40,5,2,1,2,11,0
13935,리얼미터,에너지경제신문,25.02.06.~07.,무선ARS(100),무선RDD,1002,40.8 ,8.4 ,±3.1,40.8,42.8,3.4,2.4,1.0,1.5,6.8,1.2
13936,이너텍시스템즈,파이낸스투데이/더퍼블릭,25.02.07.~08.,무선ARS(100),무선RDD,1004,14.7 ,4.1 ,±3.1,39.3,42.4,3.7,2.1,0.4,1.8,8.8,1.4
13937,여론조사꽃,여론조사꽃 자체조사,25.02.07.~08.,무선전화면접(100),가상번호,1006,29.5 ,14.2 ,±3.1,48.2,34.3,5.0,1.7,0.5,1.0,9.1,0.1
13938,KOPRA,아시아투데이,25.02.07.~08.,무선ARS(100),무선RDD,1000,41.8 ,11.2 ,±3.1,36,42,5,3,1,2,10,1
13939,에브리리서치,뉴스피릿,25.02.07.~08.,무선ARS(100),무선RDD,1000,34.1 ,5.6 ,±3.1,38.4,41.9,3.3,2.7,0.3,3.8,9.4,0.3
13940,여론조사공정,가로세로연구소,25.02.09.,무선ARS(100),무선RDD,1002,25.9 ,5.3 ,±3.1,38.4,42.6,4.1,1.6,0.9,2.7,8.9,0.8
13942,여론조사공정,펜앤드마이크,25.02.09.~10.,무선ARS(100),무선RDD,1001,26.6 ,5.0 ,±3.1,38.7,45.9,2.8,1.9,0.9,1.6,7.7,0.5
13943,조원씨앤아이,스트레이트뉴스,25.02.08.~10.,무선ARS(100),무선RDD,2001,28.9 ,4.6 ,±2.2,41.0,44.2,2.2,1.4,-,1.4,9.1,0.7
13944,리서치뷰,KPI뉴스,25.02.09.~10.,무선ARS(100),무선RDD,1000,40.0 ,4.7 ,±3.1,40.2,40.2,7.2,2.2,0.8,3.6,4.8,0.9
13945,"한국리서치, 케이스탯리서치","엠브레인퍼블릭, 케이스탯리서치,
코리아리서치인터내셔널, 한국리서치",25.02.10.~12.,무선전화면접(100),가상번호,1001,28.5 ,21.9 ,±3.1,36,37,6,2,1,1,16,1
13946,윈지코리아컨설팅,서울의소리,25.02.12.,무선ARS(100),무선RDD,1023,21.2 ,6.6 ,±3.1,43.8,47.5,3.5,1.2,0.6,1.5,1.5,0.4
13947,여론조사공정,파이낸스투데이/더퍼블릭,25.02.12.~13.,무선ARS(100),무선RDD,1002,30.3 ,4.5 ,±3.1,39.2,48.2,1.7,1.3,0.9,1.8,6.3,0.7
13948,한국갤럽조사연구소,한국갤럽 자체조사,25.02.11.~13.,무선전화면접(100),가상번호,1004,42.4 ,16.1 ,±3.1,38,39,4,2,0.3,1.4,14,1
13952,리서치앤리서치,펜앤드마이크,25.02.12.~13.,무선전화면접(100),무선RDD,1000,18.2 ,10.8 ,±3.1,36,39,6,2,1,2,13,0
13953,리얼미터,에너지경제신문,25.02.13.~14.,무선ARS(100),무선RDD,1000,37.4 ,7.2 ,±3.1,43.1,41.4,3.6,2.2,1.2,1.1,6.5,0.9
13957,여론조사꽃,여론조사꽃 자체조사,25.02.14.~15.,무선전화면접(100),가상번호,1004,29.4 ,14.0 ,±3.1,47.7,35.8,4.2,1.3,0.5,1.4,9.0,0.1
13960,KOPRA,아시아투데이,25.02.14.~15.,무선ARS(100),무선RDD,1001,36.4 ,9.6 ,±3.1,36,43,6,3,1,3,8,0
13962,"메타보이스, 현대리서치",JTBC,25.02.14.~15.,무선전화면접(100),가상번호,1013,22.3 ,15.7 ,±3.1,41,36,3,1,1,2,12,5
13967,여론조사공정,펜앤드마이크,25.02.16.~17.,무선ARS(100),무선RDD,1003,27.0 ,4.9 ,±3.1,35.6,47.7,4.3,2.3,1.0,1.9,6.6,0.6
13968,리서치뷰,KPI뉴스,25.02.16.~17.,무선ARS(100),무선RDD,1000,33.9 ,4.7 ,±3.1,42.0,40.3,6.0,1.9,0.8,3.1,5.4,0.6
13969,여론조사공정,뉴스피릿,25.02.17.~18.,무선ARS(100),무선RDD,1000,29.6 ,4.5 ,±3.1,39.8,42.3,2.7,2.6,0.9,4.2,7.3,0.2
13971,여론조사공정,데일리안,25.02.18.,무선ARS(100),무선RDD,1002,28.5 ,4.6 ,±3.1,37.2,49.0,3.6,1.6,0.4,1.6,5.9,0.7
13972,미디어리서치,뉴스핌,25.02.18.~19.,무선ARS(100),무선RDD,1000,22.2 ,7.2 ,±3.1,42.3,39.7,3.5,2.3,0.7,3.1,7.6,0.6
13973,미디어토마토,뉴스토마토,25.02.17.~18.,무선ARS(100),무선RDD,1034,19.6 ,5.5 ,±3.0,48.7,36.4,3.4,1.2,1.0,1.9,7.3,0.2
13991,"케이스탯리서치,
코리아리서치인터내셔널","엠브레인퍼블릭, 케이스탯리서치,
코리아리서치인터내셔널, 한국리서치",25.02.17.~19.,무선전화면접(100),가상번호,1000,31.1 ,19.8 ,±3.1,34,37,7,3,1,2,16,1
13992,비전코리아,파이낸스투데이/더퍼블릭,25.02.19.~20.,무선ARS(100),무선RDD,1034,14.8 ,3.0 ,±3.0,41.3,44.1,4.8,1.0,1.1,2.3,4.7,0.8
13993,코리아정보리서치,파이낸스투데이/더퍼블릭,25.02.19.~20.,무선ARS(100),무선RDD,1000,21.7 ,4.0 ,±3.1,39.4,45.8,3.1,0.9,0.3,1.8,7.2,1.5
13994,여론조사꽃,여론조사꽃 자체조사,25.02.19.~20.,무선전화면접(100),가상번호,1010,29.7 ,13.3 ,±3.1,46.8,35.3,5.9,1.5,0.5,1.0,8.9,0.2
13995,한국갤럽조사연구소,한국갤럽 자체조사,25.02.18.~20.,무선전화면접(100),가상번호,1002,48.6 ,14.1 ,±3.1,40,34,3,2,1,1.7,16,2
13996,여론조사공정,한국교회언론회,25.02.19.~20.,무선ARS(100),무선RDD,1011,29.9 ,4.4 ,±3.1,37.6,41.0,4.2,2.3,1.4,3.3,8.8,1.2
13998,리서치앤리서치,펜앤드마이크,25.02.19.~20.,무선전화면접(100),무선RDD,1008,19.1 ,10.9 ,±3.1,30,41,7,3,1,3,13,1
14000,리얼미터,에너지경제신문,25.02.20.~21.,무선ARS(100),무선RDD,1006,38.3 ,7.1 ,±3.1,41.1,42.7,4.4,1.4,0.7,1.9,6.6,1.2
14001,여론조사꽃,여론조사꽃 자체조사,25.02.21.~22.,무선전화면접(100),가상번호,1003,30.7 ,12.5 ,±3.1,49.5,30.4,5.1,1.6,1.4,1.2,10.7,0.0
14002,KOPRA,아시아투데이,25.02.21.~22.,무선ARS(100),무선RDD,1000,34.5 ,8.1 ,±3.1,34,46,5,3,1,2,7,1
14004,에브리리서치,"미디어로컬
(사단법인 한국지역언론인클럽)",25.02.22.~23.,무선ARS(100),무선RDD,1000,31.9 ,5.4 ,±3.1,36.7,43.5,3.0,1.2,0.5,3.7,10.6,0.9
14005,여론조사공정,펜앤드마이크,25.02.23.~24.,무선ARS(100),무선RDD,1000,27.6 ,4.8 ,±3.1,37.9,42.3,3.9,1.8,0.8,3.5,9.4,0.4
14006,조원씨앤아이,스트레이트뉴스,25.02.22.~24.,무선ARS(100),무선RDD,2004,27.6 ,4.7 ,±2.2,40.0,44.1,2.4,1.6,-,1.4,9.6,0.9
14007,리서치뷰,KPI뉴스,25.02.23.~24.,무선ARS(100),무선RDD,1000,36.1 ,3.8 ,±3.1,43.0,38.8,5.2,1.7,0.8,3.4,6.1,1.2
14008,"코리아리서치인터내셔널,
엠브레인퍼블릭","엠브레인퍼블릭, 케이스탯리서치,
코리아리서치인터내셔널, 한국리서치",25.02.24.~26.,무선전화면접(100),가상번호,1001,32.9 ,18.8 ,±3.1,34,37,6,2,1,2,19,1
14010,미디어리서치,뉴스핌,25.02.26.,무선ARS(100),무선RDD,1002,22.6 ,6.2 ,±3.1,41.3,42.1,2.8,2.0,0.9,1.9,8.1,0.9
14013,여론조사공정,미디어디펜스,25.02.26.~27.,무선ARS(100),무선RDD,1001,30.2 ,4.3 ,±3.1,36.1,45.2,3.9,2.3,1.1,2.6,8.2,0.6
14015,여론조사꽃,여론조사꽃 자체조사,25.02.26.~27.,무선전화면접(100),가상번호,1004,28.4 ,14.2 ,±3.1,47.3,36.4,4.5,1.4,0.2,0.9,9.0,0.4
14016,한국갤럽조사연구소,한국갤럽 자체조사,25.02.25.~27.,무선전화면접(100),가상번호,1000,45.9 ,14.5 ,±3.1,38,36,3,2,0.3,1.1,17,2
14018,리얼미터,에너지경제신문,25.02.26.~28.,무선ARS(100),무선RDD,1506,37.9 ,6.0 ,±2.5,44.2,37.6,4.0,2.6,0.8,1.9,8.0,0.8
14019,여론조사꽃,여론조사꽃 자체조사,25.02.28.~03.01.,무선전화면접(100),가상번호,1000,31.5 ,12.4 ,±3.1,46.5,34.3,5.3,1.1,0.5,1.0,11.2,0.1
14020,KSOI(한국사회여론연구소),디지털타임스,25.02.28.~03.01.,무선ARS(100),가상번호,1001,47.6 ,7.2 ,±3.1,40.3,41.1,2.7,1.5,0.9,3.0,9.8,0.9
14021,리서치뷰,리서치뷰 자체조사,25.02.26.~28.,무선ARS(100),무선RDD,1000,34.6 ,3.7 ,±3.1,39,39,7,2,1,5,5,1
14022,KOPRA,아시아투데이,25.03.01.~02.,무선ARS(100),무선RDD,1001,33.7 ,8.3 ,±3.1,38,42,5,3,1,3,9,0
14023,리서치민,뉴데일리,25.03.02.~03.,무선ARS(100),무선RDD,2000,21.3 ,6.2 ,±2.2,36.9,44.3,3.5,1.4,0.3,1.4,11.3,0.8
14024,KOPRA,고성국TV,25.03.02.~03.,무선ARS(100),무선RDD,1000,33.3 ,8.3 ,±3.1,35,44,4,2,1,2,10,1
14027,여론조사공정,뉴스피릿,25.03.03.~04.,무선ARS(100),무선RDD,1001,25.3 ,5.1 ,±3.1,36.9,45.4,3.9,2.3,0.5,3.3,6.9,0.9
14028,리서치뷰,KPI뉴스,25.03.02.~03.,무선ARS(100),무선RDD,1000,33.0 ,4.0 ,±3.1,40.3,40.5,5.5,2.5,1.4,4.4,4.4,1.0
14029,에이스리서치,뉴시스,25.03.03.~04.,무선ARS(100),무선RDD,1004,27.5 ,3.6 ,±3.1,42.3,41.1,3.0,1.8,0.7,2.2,8.6,0.4
14031,코리아정보리서치,파이낸스투데이/더퍼블릭,25.03.04.~05.,무선ARS(100),무선RDD,1000,22.0 ,4.5 ,±3.1,40.1,43.9,3.7,2.0,0.3,2.7,6.6,0.7
14032,"엠브레인퍼블릭,한국리서치","엠브레인퍼블릭, 케이스탯리서치,
코리아리서치인터내셔널, 한국리서치",25.03.03.~05.,무선전화면접(100),가상번호,1000,31.5 ,19.4 ,±3.1,35,34,6,2,1,2,19,1
14033,미디어토마토,뉴스토마토,25.03.04.~05.,무선ARS(100),무선RDD,1048,19.0 ,4.6 ,±3.0,37.6,43.4,4.8,2.7,1.0,1.7,8.4,0.5
14041,여론조사공정,펜앤드마이크,25.03.05.~06.,무선ARS(100),무선RDD,1000,29.6 ,4.4 ,±3.1,38.2,45.3,4.5,2.1,0.6,2.0,6.8,0.4
14042,한국갤럽조사연구소,한국갤럽 자체조사,25.03.04.~06.,무선전화면접(100),가상번호,1003,46.7 ,14.2 ,±3.1,40,36,2,2,1,1.2,15,3
14043,윈지코리아컨설팅,서울의소리,25.03.06.,무선ARS(100),가상번호,1024,45.4 ,7.9 ,±3.1,39.9,48.4,3.8,1.8,0.2,2.4,3.1,0.4
14044,리얼미터,에너지경제신문,25.03.05.~07.,무선ARS(100),무선RDD,1507,42.1 ,6.4 ,±2.5,41.0,42.7,3.9,1.7,1.1,1.5,6.9,1.1
14047,여론조사꽃,여론조사꽃 자체조사,25.03.07.~08.,무선전화면접(100),가상번호,1005,28.9 ,13.4 ,±3.1,45.0,34.3,5.9,1.6,1.0,1.0,11.0,0.1
14048,KOPRA,아시아투데이,25.03.07.~08.,무선ARS(100),무선RDD,1001,33.1 ,8.3 ,±3.1,35,45,4,2,1,3,7,1
14051,에브리리서치,미디어로컬,25.03.08.~09.,무선ARS(100),무선RDD,1000,25.5 ,5.6 ,±3.1,37.7,41.0,3.7,2.0,0.6,3.8,11.0,0.2
14052,한길리서치,쿠키뉴스,25.03.08.~10.,유선전화면접(7.8)+무선ARS(92.2),유무선RDD,1022,22.1 ,5.2 ,±3.1,39.2,38.5,3.4,2.2,1.1,2.6,11.6,1.4
14053,조원씨앤아이,스트레이트뉴스,25.03.08.~10.,무선ARS(100),무선RDD,2001,30.8 ,4.2 ,±2.2,40.4,41.9,2.7,1.6,-,2.0,10.7,0.7
14054,리서치뷰,KPI뉴스,25.03.09.~10.,무선ARS(100),무선RDD,1000,32.4 ,4.1 ,±3.1,43.5,40.0,6.1,2.0,0.9,4.2,3.0,0.4
14055,여론조사공정,파이낸스투데이/더퍼블릭,25.03.10.~11.,무선ARS(100),무선RDD,1000,27.7 ,4.7 ,±3.1,39.8,43.7,3.2,1.6,0.8,3.5,6.5,0.9
14057,미디어리서치,뉴스핌,25.03.11.~12.,무선ARS(100),무선RDD,1000,24.0 ,5.4 ,±3.1,41.7,43.3,2.7,1.4,0.9,1.7,7.6,0.8
14059,"한국리서치, 케이스탯리서치","엠브레인퍼블릭, 케이스탯리서치,
코리아리서치인터내셔널, 한국리서치",25.03.10.~12.,무선전화면접(100),가상번호,1000,28.1 ,21.1 ,±3.1,36,38,5,2,0,1,18,1
14060,윈지코리아컨설팅,서울의소리,25.03.12.,무선ARS(100),무선RDD,1000,31.2 ,5.5 ,±3.1,44.3,44.3,3.4,1.8,0.8,3.1,2.1,0.2
14061,에스티아이,사장남천동,25.03.11.~12.,무선ARS(100),무선RDD,1000,37.6 ,3.9 ,±3.1,44.8,35.0,5.7,2.0,0.8,3.0,8.1,0.7
14062,KOPRA,고성국TV,25.03.12.~13.,무선ARS(100),무선RDD,1001,33.0 ,7.4 ,±3.1,37,40,6,2,1,3,9,1
14063,여론조사꽃,여론조사꽃 자체조사,25.03.10.~13.,무선전화면접(100),가상번호,3003,26.9 ,14.3 ,±1.8,47.1,35.1,3.9,1.6,0.5,1.3,10.3,0.2
14064,한국갤럽조사연구소,한국갤럽 자체조사,25.03.11.~13.,무선전화면접(100),가상번호,1001,45.2 ,13.4 ,±3.1,40,36,3,2,1,0.7,17,2
14065,여론조사공정,펜앤드마이크,25.03.12.~13.,무선ARS(100),무선RDD,1000,29.5 ,4.4 ,±3.1,38.2,40.1,5.4,2.1,1.1,4.3,7.9,0.8
14066,여론조사꽃,여론조사꽃 자체조사,25.03.09.~13.,무선ARS(100),가상번호,15050,33.5 ,10.1 ,±0.8,50.0,39.3,3.8,2.0,1.1,1.6,2.0,0.3
14067,리얼미터,에너지경제신문,25.03.12.~14.,무선ARS(100),무선RDD,1510,37.1 ,7.2 ,±2.5,44.3,39.0,3.3,1.5,0.7,2.4,8.0,0.8
14068,KOPRA,아시아투데이,25.03.14.~15.,무선ARS(100),무선RDD,1001,39.1 ,8.6 ,±3.1,37,41,5,3,1,2,10,1
14069,여론조사꽃,여론조사꽃 자체조사,25.03.14.~15.,무선전화면접(100),가상번호,1010,30.4 ,12.8 ,±3.1,44.7,34.4,5.4,1.4,0.6,1.0,12.4,0.2
14070,KSOI(한국사회여론연구소),CBS,25.03.15.~16.,무선ARS(100),가상번호,1000,49.1 ,7.0 ,±3.1,44.9,36.6,2.5,2.0,0.8,1.0,10.9,1.3
14073,에이스리서치,뉴시스,25.03.15.~16.,무선ARS(100),무선RDD,1002,34.7 ,2.4 ,±3.1,42.9,38.7,3.9,1.3,0.6,1.6,10.4,0.7
14074,리얼미터,가로세로연구소,25.03.16.,무선ARS(100),무선RDD,1000,32.8 ,9.9 ,±3.1,43.3,39.8,4.5,2.2,0.8,2.8,5.3,1.2
14075,여론조사공정,뉴스피릿,25.03.17.~18.,무선ARS(100),무선RDD,1001,27.8 ,4.6 ,±3.1,41.7,40.7,3.4,1.8,0.7,3.9,6.9,0.9
14076,리서치뷰,KPI뉴스,25.03.16.~17.,무선ARS(100),무선RDD,1000,34.8 ,3.7 ,±3.1,42.2,39.7,6.5,1.5,0.8,4.2,4.3,0.9
14077,여론조사공정,데일리안,25.03.17.~18.,무선ARS(100),무선RDD,1002,27.0 ,4.0 ,±3.1,42.1,41.7,3.4,1.2,1.4,2.7,6.2,1.3
14078,미디어토마토,뉴스토마토,25.03.17.~18.,무선ARS(100),무선RDD,1037,18.8 ,4.4 ,±3.0,44.9,37.5,3.7,1.7,0.7,2.9,7.6,1.0
14079,"케이스탯리서치,
코리아리서치인터내셔널","엠브레인퍼블릭, 케이스탯리서치,
코리아리서치인터내셔널, 한국리서치",25.03.17.~19.,무선전화면접(100),가상번호,1003,27.9 ,21.1 ,±3.1,38,32,7,1,1,2,18,1
14080,여론조사공정,미디어디펜스,25.03.19.~20.,무선ARS(100),무선RDD,1002,23.7 ,4.0 ,±3.1,37.5,43.1,4.5,1.8,1.3,2.8,8.6,0.4
14081,여론조사꽃,여론조사꽃 자체조사,25.03.16.~20.,무선ARS(100),가상번호,15011,35.8 ,9.5 ,±0.8,51.4,37.6,4.0,2.1,1.1,1.3,2.1,0.3
14082,여론조사꽃,여론조사꽃 자체조사,25.03.17.~20.,무선전화면접(100),가상번호,3004,26.6 ,14.5 ,±1.8,49.5,32.9,3.9,1.5,0.6,1.0,10.3,0.2
14083,한국갤럽조사연구소,한국갤럽 자체조사,25.03.18.~20.,무선전화면접(100),가상번호,1003,46.4 ,13.1 ,±3.1,40,36,3,1,1,0.4,16,3
14084,윈지코리아컨설팅,서울의소리,25.03.19.~20.,무선ARS(100),무선RDD,1003,32.1 ,4.0 ,±3.1,46.1,43.4,4.2,1.1,0.7,1.8,2.2,0.4
14085,리얼미터,에너지경제신문,25.03.19.~21.,무선ARS(100),무선RDD,1509,34.5 ,7.6 ,±2.5,43.6,40.0,4.3,1.3,0.8,1.4,7.6,1.0
14086,여론조사꽃,여론조사꽃 자체조사,25.03.21.~22.,무선전화면접(100),가상번호,1008,28.6 ,13.6 ,±3.1,47.8,31.6,5.5,2.1,0.6,0.7,11.3,0.5
14087,KSOI(한국사회여론연구소),CBS,25.03.21.~22.,무선ARS(100),가상번호,1000,54.0 ,6.4 ,±3.1,42.2,39.4,3.0,2.0,0.8,2.4,9.7,0.4
14088,KOPRA,아시아투데이,25.03.21.~22.,무선ARS(100),무선RDD,1003,36.5 ,8.2 ,±3.1,35,44,5,3,1,4,9,1
14091,에브리리서치,"미디어로컬
(사단법인 한국지역언론인클럽)",25.03.22.~23.,무선ARS(100),무선RDD,1000,24.5 ,5.3 ,±3.1,43.4,37.5,2.9,1.9,-,3.5,10.3,0.6
14093,조원씨앤아이,스트레이트뉴스,25.03.22.~24.,무선ARS(100),무선RDD,2012,32.4 ,5.4 ,±2.2,43.6,39.0,2.9,1.2,-,1.3,10.9,1.1
14095,여론조사공정,파이낸스투데이/더퍼블릭,25.03.24.~25.,무선ARS(100),무선RDD,1001,27.7 ,4.6 ,±3.1,42.6,40.8,2.9,2.5,0.8,4.1,5.8,0.5
14096,리서치뷰,KPI뉴스,25.03.23.~24.,무선ARS(100),무선RDD,1000,40.1 ,3.2 ,±3.1,45.8,34.4,6.8,3.0,1.2,4.0,4.4,0.4
14098,"코리아리서치인터내셔널,
엠브레인퍼블릭","엠브레인퍼블릭, 케이스탯리서치,
코리아리서치인터내셔널, 한국리서치",25.03.24.~26.,무선전화면접(100),가상번호,1001,32.0 ,18.0 ,±3.1,36,36,7,3,1,1,16,1
14101,미디어리서치,뉴스핌,25.03.26.~27.,무선ARS(100),무선RDD,1001,28.4 ,4.6 ,±3.1,47.3,34.8,3.9,2.0,1.2,1.5,8.7,0.7
14103,한국갤럽조사연구소,한국갤럽 자체조사,25.03.25.~27.,무선전화면접(100),가상번호,1000,43.7 ,13.0 ,±3.1,41,33,2,2,1,0.8,18,3
14105,리얼미터,에너지경제신문,25.03.26.~28.,무선ARS(100),무선RDD,1510,42.1 ,6.4 ,±2.5,47.3,36.1,3.7,2.3,1.0,1.7,6.5,1.4
14106,KSOI(한국사회여론연구소),CBS,25.03.28.~29.,무선ARS(100),가상번호,1006,54.9 ,6.3 ,±3.1,45.3,35.9,3.1,1.4,1.1,1.4,11.1,0.8
14107,KOPRA,아시아투데이,25.03.28.~29.,무선ARS(100),무선RDD,1002,36.8 ,7.6 ,±3.1,38,41,5,3,1,2,9,1
14109,여론조사꽃,여론조사꽃 자체조사,25.03.28.~29.,무선전화면접(100),가상번호,1001,28.1 ,13.8 ,±3.1,50.7,30.5,4.3,2.0,0.4,0.5,10.9,0.7
14110,리서치뷰,리서치뷰/참여연대 조세재정개혁센터,25.03.29.~31.,무선ARS(100),무선RDD,1000,46.4 ,2.8 ,±3.1,44,34,6,3,0,5,6,0
14111,여론조사공정,뉴스피릿,25.03.31.~04.01.,무선ARS(100),무선RDD,1000,27.7 ,4.6 ,±3.1,43.8,39.8,3.0,1.7,0.8,3.2,7.0,0.8
14112,여론조사공정,데일리안,25.03.31.~04.01.,무선ARS(100),무선RDD,1000,28.1 ,4.5 ,±3.1,45.0,37.9,3.9,2.2,0.9,1.6,8.0,0.5
14113,리서치뷰,KPI뉴스,25.03.30.~31.,무선ARS(100),무선RDD,1000,40.3 ,3.2 ,±3.1,45.8,32.4,6.1,2.7,0.6,4.4,7.4,0.6
14115,미디어토마토,뉴스토마토,25.03.31.~04.01.,무선ARS(100),무선RDD,1062,18.1 ,4.2 ,±3.0,47.5,36.4,4.7,1.3,1.0,1.8,6.9,0.4
14116,"엠브레인퍼블릭,한국리서치","엠브레인퍼블릭, 케이스탯리서치,
코리아리서치인터내셔널, 한국리서치",25.03.31.~04.02.,무선전화면접(100),가상번호,1001,27.3 ,22.4 ,±3.1,37,33,6,2,1,1,18,1
14119,여론조사공정,펜앤드마이크,25.04.02.~03.,무선ARS(100),무선RDD,1014,29.3 ,3.0 ,±3.1,40.2,39.3,5.0,2.4,1.5,2.4,8.8,0.5
14120,한국갤럽조사연구소,한국갤럽 자체조사,25.04.01.~03.,무선전화면접(100),가상번호,1001,43.9 ,13.7 ,±3.1,41,35,4,2,0.5,1.3,15,2
14121,리얼미터,에너지경제신문,25.04.02.~04.,무선ARS(100),무선RDD,1516,33.5 ,6.6 ,±2.5,44.8,35.7,5.2,3.3,1.2,1.7,7.0,1.2
14123,조원씨앤아이,경기일보,25.04.04.~05.,무선ARS(100),무선RDD,1004,23.5 ,5.4 ,±3.1,44.2,32.6,4.8,3.6,-,2.7,11.3,0.8
14124,KSOI(한국사회여론연구소),CBS,25.04.04.~05.,무선ARS(100),가상번호,1003,50.5 ,6.8 ,±3.1,43.0,37.8,3.8,1.9,0.7,2.3,9.9,0.6
14125,여론조사꽃,여론조사꽃 자체조사,25.04.04.~05.,무선전화면접(100),가상번호,1006,25.5 ,15.5 ,±3.1,49.1,28.9,5.9,3.8,0.9,0.9,10.0,0.5
14126,한국갤럽조사연구소,서울경제신문,25.04.04.~05.,유선전화면접(6.2)+무선전화면접(93.8),유무선RDD,1012,24.1 ,9.5 ,±3.1,44,33,4,2,0,1,13,1
14127,한길리서치,매일경제신문/MBN,25.04.04.~05.,"무선ARS(80.5)+유선전화면접(3.9)
+무선전화면접(15.6)",유무선RDD,1008,22.7 ,5.0 ,±3.1,40.7,32.4,3.9,2.1,0.7,2.6,16.6,1.0
14128,메타보이스,JTBC,25.04.05.~06.,무선전화면접(100),가상번호,1011,21.4 ,16.5 ,±3.1,40,31,5,2,1,3,13,5
14129,에브리리서치,"미디어로컬
(사단법인 한국지역언론인클럽)",25.04.05.~06.,무선ARS(100),무선RDD,1000,27.7 ,4.6 ,±3.1,42.7,34.1,4.1,3.0,0.9,2.0,9.5,0.8
14130,여론조사공정,파이낸스투데이/더퍼블릭,25.04.06.~07.,무선ARS(100),무선RDD,1002,26.7 ,4.8 ,±3.1,41.8,34.7,4.4,3.0,0.5,6.5,8.1,1.0
14131,한국갤럽조사연구소,뉴스1,25.04.06.~07.,무선전화면접(100),가상번호,1008,29.7 ,15.5 ,±3.1,43,31,4,2,1,2,16,2
14133,한길리서치,쿠키뉴스,25.04.05.~07.,유선전화면접(8.7)+무선ARS(91.3),유무선RDD,1006,21.3 ,5.3 ,±3.1,37.5,35.1,3.5,1.2,0.5,4.7,15.9,1.5
14134,조원씨앤아이,스트레이트뉴스,25.04.05.~07.,무선ARS(100),무선RDD,2001,31.3 ,5.6 ,±2.2,43.7,37.1,3.3,2.2,-,2.1,10.8,0.8
14136,미디어리서치,뉴스핌,25.04.08.~09.,무선ARS(100),무선RDD,1000,24.6 ,5.2 ,±3.1,47.4,34.3,4.0,1.9,0.8,3.5,7.2,1.0
14139,한국갤럽조사연구소,중앙일보,25.04.08.~09.,무선전화면접(100),가상번호,1004,31.5 ,14.5 ,±3.1,41,32,4,2,1,1,16,2
14140,"한국리서치, 케이스탯리서치","엠브레인퍼블릭, 케이스탯리서치,
코리아리서치인터내셔널, 한국리서치",25.04.07.~09.,무선전화면접(100),가상번호,1001,24.0 ,24.9 ,±3.1,34,33,6,2,1,3,19,0
14141,에이스리서치,뉴시스,25.04.08.~09.,무선ARS(100),무선RDD,1212,29.6 ,3.5 ,±2.8,43.2,33.5,3.5,2.7,0.6,4.2,11.4,0.8
14142,윈지코리아컨설팅,서울의소리,25.04.09.,무선ARS(100),무선RDD,1007,27.2 ,4.0 ,±3.1,50.4,36.7,3.2,2.8,0.9,3.7,2.4,0.0
14143,여론조사공정,펜앤드마이크,25.04.09.~10.,무선ARS(100),무선RDD,1000,29.8 ,4.3 ,±3.1,43.1,35.5,3.2,2.3,1.2,4.7,9.5,0.5
14144,한국갤럽조사연구소,한국갤럽 자체조사,25.04.08.~10.,무선전화면접(100),가상번호,1005,38.2 ,14.9 ,±3.1,41,30,3,3,1,2.4,19,2
14145,KOPRA,아시아투데이,25.04.08.~09.,무선ARS(100),무선RDD,1001,41.1 ,6.9 ,±3.1,45,35,3,4,1,4,8,0
14146,리서치민,뉴데일리,25.04.09.~10.,무선ARS(100),무선RDD,2000,21.2 ,5.0 ,±2.2,41.0,40.1,3.2,2.3,0.4,2.9,8.9,1.2
14147,한국리서치,KBS,25.04.08.~10.,무선전화면접(100),가상번호,3000,28.1 ,18.2 ,±1.8,36,31,8,3,1,2,16,1
14148,한국갤럽조사연구소,세계일보,25.04.10.~11.,무선전화면접(100),가상번호,1020,37.3 ,13.3 ,±3.1,41,35,2,2,1,2,15,2
14149,리얼미터,에너지경제신문,25.04.09.~11.,무선ARS(100),무선RDD,1506,28.1 ,4.7 ,±2.5,46.7,33.1,5.6,2.7,0.8,3.5,7.0,0.7
14150,리서치민,시장경제신문,25.04.11.~12.,무선ARS(100),무선RDD,1000,24.9 ,5.9 ,±3.1,43.6,38.0,3.5,1.5,0.7,2.4,8.7,1.5
14151,KSOI(한국사회여론연구소),CBS,25.04.11.~12.,무선ARS(100),가상번호,1002,52.3 ,6.7 ,±3.1,42.8,37.3,2.9,3.2,0.8,1.6,10.0,1.4
14152,여론조사꽃,여론조사꽃 자체조사,25.04.11.~12.,무선전화면접(100),가상번호,1002,27.3 ,14.4 ,±3.1,49.6,30.1,3.1,2.5,0.3,1.3,12.8,0.3
14153,코리아리서치인터내셔널,MBC,25.04.11.~12.,무선전화면접(100),가상번호,1003,24.5 ,15.5 ,±3.1,44,36,3,3,1,1,12,1
14155,한길리서치,인천일보/경인일보/OBS,25.04.12.~13.,무선ARS(100),무선RDD,2058,21.4 ,4.7 ,±2.2,40.9,33.1,4.2,2.6,0.9,5.5,12.0,0.7
14156,알앤써치,알앤써치 자체조사,25.04.12.~13.,무선ARS(100),무선RDD,1022,19.6 ,4.5 ,±3.1,43.4,36.3,3.8,3.2,-,3.6,8.6,1.0
14157,여론조사공정,펜앤드마이크,25.04.13.~14.,무선ARS(100),무선RDD,1002,27.6 ,4.7 ,±3.1,44.5,36.3,3.6,2.3,1.3,2.8,8.7,0.5
14158,한길리서치,글로벌이코노믹,25.04.12.~13.,유선전화면접(7.2)+무선ARS(92.8),유무선RDD,1012,21.8 ,4.6 ,±3.1,40.0,34.2,4.1,2.5,1.2,4.8,12.1,1.2
14161,리서치뷰,KPI뉴스,25.04.13.~14.,무선ARS(100),무선RDD,1000,32.2 ,4.0 ,±3.1,44.7,36.7,3.4,3.3,0.2,5.2,6.0,0.5
14162,조원씨앤아이,스트레이트뉴스,25.04.13.~14.,무선ARS(100),무선RDD,1023,27.6 ,4.6 ,±3.1,47.4,32.7,2.8,1.8,-,2.9,11.3,1.1
14163,여론조사꽃,여론조사꽃 자체조사,25.04.12.~15.,무선ARS(100),가상번호,15004,33.8 ,10.2 ,±0.8,49.9,35.3,3.9,3.5,1.0,2.9,3.1,0.5
14164,여론조사공정,뉴스피릿,25.04.14.~15.,무선ARS(100),무선RDD,1000,28.9 ,4.5 ,±3.1,42.1,35.5,2.6,2.4,1.3,5.6,9.5,0.9
14165,미디어토마토,뉴스토마토,25.04.14.~15.,무선ARS(100),무선RDD,1040,18.5 ,4.7 ,±3.0,46.8,32.0,3.2,2.3,1.2,3.6,10.2,0.8
14166,여론조사공정,데일리안,25.04.14.~15.,무선ARS(100),무선RDD,1001,28.5 ,4.5 ,±3.1,44.4,36.6,2.8,2.8,1.7,2.7,8.0,1.2
14168,여론조사공정,데일리안,25.04.15.~16.,무선ARS(100),무선RDD,8004,26.6 ,4.7 ,±1.1,45.4,36.0,3.3,3.1,1.0,3.2,7.3,0.7
14170,"케이스탯리서치,
코리아리서치인터내셔널","엠브레인퍼블릭, 케이스탯리서치,
코리아리서치인터내셔널, 한국리서치",25.04.14.~16.,무선전화면접(100),가상번호,1001,27.2 ,23.2 ,±3.1,37,30,7,3,1,2,18,1
14171,한국갤럽조사연구소,한국갤럽 자체조사,25.04.15.~17.,무선전화면접(100),가상번호,1000,41.7 ,14.8 ,±3.1,42,34,3,2,0.3,1.3,16,2
14172,윈지코리아컨설팅,서울의소리,25.04.16.,무선ARS(100),무선RDD,1001,23.4 ,4.5 ,±3.1,49.2,38.6,3.5,2.6,1.4,3.2,1.3,0.2
14173,여론조사꽃,여론조사꽃 자체조사,25.04.14.~17.,무선전화면접(100),가상번호,3014,24.8 ,16.5 ,±1.8,52.0,30.5,4.1,2.0,0.7,1.2,9.5,0.1
14175,여론조사공정,펜앤마이크,25.04.17.~18.,무선ARS(100),무선RDD,2304,28.2 ,5.2 ,±2.0,44.3,36.0,3.9,3.0,0.8,4.2,7.2,0.6
14176,리얼미터,에너지경제신문,25.04.16.~18.,무선ARS(100),무선RDD,1504,33.5 ,6.6 ,±2.5,48.7,32.9,4.2,2.9,0.8,2.2,7.6,0.8
14178,KSOI(한국사회여론연구소),CBS,25.04.18.~19.,무선ARS(100),가상번호,1005,53.0 ,6.5 ,±3.1,43.5,34.9,2.2,3.7,1.0,2.9,10.1,1.6
14179,여론조사꽃,여론조사꽃 자체조사,25.04.18.~19.,무선전화면접(100),가상번호,1003,26.2 ,15.1 ,±3.1,49.1,31.1,4.7,1.5,1.1,1.9,10.2,0.3
14180,KOPRA,아시아투데이,25.04.18.~19.,무선ARS(100),무선RDD,2002,38.7 ,8.9 ,±2.2,43,34,4,4,1,3,10,0
14181,리서치뷰,KPI뉴스,25.04.19.~20.,무선ARS(100),무선RDD,1000,34.1 ,3.8 ,±3.1,44.8,36.2,2.8,3.8,1.3,4.8,5.7,0.5
14185,조원씨앤아이,스트레이트뉴스,25.04.19.~21.,무선ARS(100),무선RDD,2002,28.9 ,6.0 ,±2.2,46.2,33.7,2.8,3.2,-,2.9,10.3,1.0
14188,에브리리서치,"에브리뉴스, 미디어로컬
(사단법인 한국지역언론인클럽)",25.04.16.~17.,무선ARS(100),무선RDD,1000,28.2 ,4.6 ,±3.1,40.4,38.8,3.5,2.2,0.6,4.3,9.6,0.5
14189,"코리아리서치인터내셔널,
엠브레인퍼블릭","엠브레인퍼블릭, 케이스탯리서치,
코리아리서치인터내셔널, 한국리서치",25.04.21.~23.,무선전화면접(100),가상번호,1005,29.6 ,20.0 ,±3.1,38,35,5,2,1,2,16,1
14190,엠브레인퍼블릭,문화일보,25.04.23.,무선전화면접(100),가상번호,1000,21.3 ,16.1 ,±3.1,34,32,8,3,1,1,20,1
14191,한국갤럽조사연구소,국민일보,25.04.23.~24.,무선전화면접(100),가상번호,1004,36.2 ,14.0 ,±3.1,39,35,5,2,1,2,15,1
14192,한길리서치,폴리뉴스,25.04.23.~24.,무선ARS(100),무선RDD,2301,16.7 ,6.3 ,±2.0,41.1,36.8,2.8,2.6,1.0,4.5,10.3,0.9
14193,윈지코리아컨설팅,서울의소리,25.04.23.,무선ARS(100),무선RDD,1005,23.0 ,4.7 ,±3.1,41.6,43.2,3.3,3.5,1.0,4.1,3.0,0.4
14194,에이스리서치,뉴시스,25.04.23.~24.,무선ARS(100),무선RDD,1000,26.9 ,4.3 ,±3.1,42.7,38.2,2.2,2.4,0.7,3.3,9.7,0.8
14196,한국갤럽조사연구소,한국갤럽 자체조사,25.04.22.~24.,무선전화면접(100),가상번호,1005,39.5 ,16.5 ,±3.1,42,34,3,3,0.4,1,15,1
14197,여론조사꽃,여론조사꽃 자체조사,25.04.21.~24.,무선전화면접(100),가상번호,3008,23.3 ,18.3 ,±1.8,50.5,31.9,3.2,2.7,0.6,1.2,9.6,0.3
14198,엠브레인퍼블릭,YTN,25.04.23.~24.,무선전화면접(100),가상번호,1004,20.6 ,18.0 ,±3.1,44,36,3,2,-,3,11,1
14199,케이스탯리서치,TV조선,25.04.23.~24.,무선전화면접(100),가상번호,1010,26.4 ,15.7 ,±3.1,37,36,7,3,1,2,14,0
14200,에브리리서치,"에브리뉴스, 미디어로컬
(사단법인 한국지역언론인클럽)",25.04.23.~24.,무선ARS(100),무선RDD,1000,29.2 ,4.4 ,±3.1,38.2,37.5,2.8,2.6,1.1,4.6,12.9,0.2
14202,메타보이스,JTBC,25.04.23.~24.,무선전화면접(100),가상번호,1011,23.7 ,18.5 ,±3.1,41,35,3,1,1,2,11,4
14203,한국리서치,KBS,25.04.22.~24.,무선전화면접(100),가상번호,3000,25.8 ,20.5 ,±1.8,39,34,6,3,1,2,15,1
14204,조원씨앤아이,한양경제,25.04.22.~24.,무선ARS(100),무선RDD,1002,30.8 ,4.2 ,±3.1,42.5,38.5,2.0,2.4,-,2.7,11.6,0.5
14205,여론조사공정,파이낸스투데이/더퍼블릭,25.04.24.~25.,무선ARS(100),무선RDD,2000,21.9 ,5.9 ,±2.2,42.0,38.7,3.1,3.3,0.9,4.0,7.1,0.8
14206,리얼미터,에너지경제신문,25.04.23.~25.,무선ARS(100),무선RDD,1505,29.8 ,7.3 ,±2.5,46.8,34.6,2.7,3.9,1.0,2.5,8.0,0.5
14207,코리아리서치인터내셔널,MBC,25.04.24.~25.,무선전화면접(100),가상번호,1009,25.3 ,16.5 ,±3.1,44,34,3,3,1,2,13,1
14209,KSOI(한국사회여론연구소),CBS,25.04.25.~26.,무선ARS(100),가상번호,1003,49.3 ,7.0 ,±3.1,42.9,38.3,1.9,2.5,0.4,4.4,8.5,1.2
14210,여론조사꽃,여론조사꽃 자체조사,25.04.25.~26.,무선전화면접(100),가상번호,1001,27.1 ,14.8 ,±3.1,48.0,31.3,3.0,2.4,0.6,1.6,12.9,0.2
14211,KOPRA,아시아투데이,25.04.25.~26.,무선ARS(100),무선RDD,2005,41.7 ,8.4 ,±2.2,40,39,4,4,1,3,9,1
14212,여론조사공정,펜앤마이크,25.04.26.~27.,무선ARS(100),무선RDD,2306,27.3 ,5.4 ,±2.0,42.1,39.5,2.7,2.6,1.5,2.8,8.2,0.6
14213,리서치뷰,KPI뉴스,25.04.26.~27.,무선ARS(100),무선RDD,1000,28.9 ,4.4 ,±3.1,39.9,35.9,5.5,3.6,1.1,5.5,8.1,0.6
14214,리서치앤리서치,채널A,25.04.26.,무선전화면접(100),무선RDD,1012,16.7 ,9.6 ,±3.1,42.1,34.4,5.3,2.8,0.6,3.8,7.8,3.2
14215,여론조사꽃,여론조사꽃 자체조사,25.04.26.~29.,무선ARS(100),가상번호,15007,33.9 ,10.1 ,±0.8,48.3,38.5,3.1,3.6,1.0,2.6,2.6,0.4
14216,여론조사꽃,여론조사꽃 자체조사,25.04.28.~29.,무선전화면접(100),가상번호,2009,23.8 ,17.3 ,±2.2,49.9,33.8,3.3,2.6,0.3,1.5,8.4,0.3
14217,미디어토마토,뉴스토마토,25.04.28.~29.,무선ARS(100),무선RDD,1013,20.3 ,4.3 ,±3.1,43.6,38.8,2.5,3.2,0.9,2.4,8.1,0.4
14218,"엠브레인퍼블릭,한국리서치","엠브레인퍼블릭, 케이스탯리서치,
코리아리서치인터내셔널, 한국리서치",25.04.28.~30.,무선전화면접(100),가상번호,1000,31.0 ,19.3 ,±3.1,39,34,6,3,1,2,16,1
14220,여론조사꽃,여론조사꽃 자체조사,25.04.30.~05.01.,무선전화면접(100),가상번호,2002,23.3 ,18.0 ,±2.2,48.1,35.1,3.3,2.5,0.5,1.8,8.5,0.2
14221,메타보이스,오마이뉴스/오마이TV,25.04.30.~05.01.,무선ARS(100),가상번호,1004,53.7 ,6.4 ,±3.1,39.3,40.4,3.0,3.3,1.0,5.8,6.2,1.0
14223,리얼미터,에너지경제신문,25.04.30.~05.02.,무선ARS(100),무선RDD,1509,33.6 ,6.4 ,±2.5,42.1,41.6,2.5,3.5,0.7,1.7,7.2,0.6
14224,리서치뷰,리서치뷰/참여연대 조세재정개혁센터,25.04.30.~05.02.,무선ARS(100),무선RDD,1000,43.1 ,3.0 ,±3.1,39,38,4,3,1,5,8,1
14225,여론조사꽃,여론조사꽃 자체조사,25.05.02.~03.,무선전화면접(100),가상번호,2010,25.3 ,15.9 ,±2.2,49.7,34.5,2.1,2.6,0.4,1.5,8.8,0.3
14226,한국갤럽조사연구소,중앙일보,25.05.03.~04.,무선전화면접(100),가상번호,1006,29.6 ,17.8 ,±3.1,43,36,2,3,1,1,12,2
14227,KOPRA,공감신문,25.05.04.,무선ARS(100),무선RDD,1000,34.4 ,8.4 ,±3.1,47,34,3,3,1,3,9,1
14228,코리아리서치인터내셔널,MBC,25.05.04.,무선전화면접(100),가상번호,1006,33.1 ,15.4 ,±3.1,48,34,1,3,1,1,11,1
14229,리서치뷰,KPI뉴스,25.05.03.~04.,무선ARS(100),무선RDD,1000,28.9 ,4.4 ,±3.1,45.2,31.8,4.8,3.9,0.8,6.4,6.8,0.4
14230,한국갤럽조사연구소,뉴스1,25.05.04.~05.,무선전화면접(100),가상번호,1007,31.5 ,15.8 ,±3.1,46,35,2,3,1,1,10,1
14231,KSOI(한국사회여론연구소),CBS,25.05.04.~05.,무선ARS(100),가상번호,1000,48.8 ,7.0 ,±3.1,46.1,35.4,2.5,3.8,0.6,1.9,8.0,1.7
14232,여론조사공정,펜앤마이크,25.05.04.~05.,무선ARS(100),무선RDD,1001,22.9 ,5.7 ,±3.1,45.5,37.6,2.2,2.9,0.9,3.0,6.8,1.2
14233,엠브레인퍼블릭,YTN,25.05.04.~05.,무선전화면접(100),가상번호,1007,21.5 ,16.9 ,±3.1,44,34,2,3,-,2,14,1
14234,메타보이스,JTBC,25.05.04.~05.,무선전화면접(100),가상번호,1010,19.6 ,18.0 ,±3.1,44,33,2,3,1,3,10,5
14235,미디어리서치,뉴스핌,25.05.05.~06.,무선ARS(100),무선RDD,1000,23.8 ,5.5 ,±3.1,47.5,33.3,3.3,3.3,1.6,3.0,7.4,0.6
14236,KOPRA,아시아투데이,25.05.04.~05.,무선ARS(100),무선RDD,2002,42.7 ,8.2 ,±2.2,49,35,2,4,1,3,6,0
14237,미디어토마토,뉴스토마토,25.05.03.~05.,무선ARS(100),무선RDD,2003,22.2 ,6.4 ,±2.2,46.4,35.9,2.6,2.9,1.0,2.3,8.5,0.4
14238,여론조사꽃,여론조사꽃 자체조사,25.05.03.~06.,무선ARS(100),가상번호,15001,38.0 ,9.1 ,±0.8,52.0,35.6,2.6,4.0,0.9,2.4,2.1,0.3
14240,리서치앤리서치,동아일보,25.05.04.~05.,무선전화면접(100),무선RDD,1013,13.2 ,10.0 ,±3.1,44.2,30.5,4.7,4.0,0.6,2.4,10.0,3.6
14241,여론조사꽃,여론조사꽃 자체조사,25.05.05.~06.,무선전화면접(100),가상번호,2010,23.4 ,18.6 ,±2.2,51.5,33.4,2.5,2.6,0.2,1.3,8.1,0.3
14242,여론조사공정,데일리안,25.05.05.~06.,무선ARS(100),무선RDD,1008,24.1 ,5.2 ,±3.1,46.0,39.0,1.9,2.2,0.7,3.0,6.5,0.6
14243,입소스 주식회사,SBS,25.05.05.~06.,무선전화면접(100),가상번호,1003,30.4 ,18.1 ,±3.1,46,33,2,3,1,1,12,1
14244,윈지코리아컨설팅,서울의소리,25.04.30.~05.01.,무선ARS(100),무선RDD,1002,29.0 ,3.7 ,±3.1,41.1,44.1,2.8,3.0,1.7,4.3,2.7,0.4
14246,한국갤럽조사연구소,서울경제신문,25.05.06.~07.,무선전화면접(100),가상번호,1014,28.7 ,16.5 ,±3.1,46,34,2,4,0,1,11,1
14248,여론조사공정,뉴스피릿,25.05.07.,무선ARS(100),무선RDD,1010,25.6 ,5.4 ,±3.1,47.4,36.5,2.5,3.2,1.3,3.1,5.2,0.7
14249,"한국리서치, 케이스탯리서치","엠브레인퍼블릭, 케이스탯리서치,
코리아리서치인터내셔널, 한국리서치",25.05.05.~07.,무선전화면접(100),가상번호,1000,30.0 ,22.1 ,±3.1,38.0,34.0,5.0,4.0,1.0,2.0,15.0,1.0
14250,에이스리서치,뉴시스,25.05.06.~07.,무선ARS(100),무선RDD,1000,29.7 ,4.6 ,±3.1,48.6,32.2,2.8,3.3,0.6,2.4,9.9,0.3
14252,윈지코리아컨설팅,서울의소리,25.05.07.,무선ARS(100),무선RDD,1001,27.0 ,4.0 ,±3.1,49.1,36.8,3.1,3.8,0.6,3.9,1.8,0.8
14253,메타보이스,오마이뉴스/오마이TV,25.05.07.~08.,무선ARS(100),무선RDD,1004,17.5 ,2.9 ,±3.1,43.2,38.8,2.2,3.4,0.6,4.1,7.0,0.7
14254,여론조사꽃,여론조사꽃 자체조사,25.05.07.~08.,무선전화면접(100),가상번호,2006,23.9 ,19.2 ,±2.2,51.8,32.5,2.6,3.5,0.5,1.3,7.4,0.2
14255,한국리서치,KBS,25.05.06.~08.,무선전화면접(100),가상번호,3000,28.8 ,18.3 ,±1.8,41,32,6,4,1,2,12,1
14257,여론조사공정,펜앤마이크,25.05.08.~09.,무선ARS(100),무선RDD,1001,26.6 ,4.9 ,±3.1,42.8,41.4,1.8,3.6,0.5,3.2,6.3,0.4
14258,KOPRA,아시아투데이,25.05.09.,무선ARS(100),무선RDD,2001,34.9 ,7.5 ,±2.2,42,35,5,5,1,2,8,1
14259,리얼미터,에너지경제신문,25.05.07.~09.,무선ARS(100),무선RDD,1508,32.5 ,6.7 ,±2.5,46.9,37.7,2.9,3.4,0.2,2.1,5.9,0.8
14260,KSOI(한국사회여론연구소),CBS,25.05.09.~10.,무선ARS(100),가상번호,1002,48.8 ,7.1 ,±3.1,42.3,39.4,1.9,4.2,0.7,1.8,8.8,0.8
14261,한길리서치,폴리뉴스,25.05.10.,무선ARS(100),무선RDD,1001,21.2 ,5.2 ,±3.1,38.9,36.5,2.0,4.0,1.1,3.6,13.0,1.0
14262,여론조사꽃,여론조사꽃 자체조사,25.05.09.~10.,무선전화면접(100),가상번호,2002,24.7 ,17.5 ,±2.2,52.5,30.4,3.2,3.5,0.5,1.3,8.4,0.2
14264,한길리서치,글로벌이코노믹,25.05.11.~12.,무선ARS(100),무선RDD,1513,23.9 ,6.4 ,±2.5,42.5,36.8,2.2,3.9,1.0,2.6,9.9,1.0
14268,조원씨앤아이,스트레이트뉴스,25.05.10.~12.,무선ARS(100),무선RDD,2000,36.0 ,4.9 ,±2.2,43.8,37.8,2.5,3.8,-,2.2,9.3,0.6
14269,에브리리서치,"폴리뉴스, 에브리뉴스, 미디어로컬
(사단법인 한국지역언론인클럽)",25.05.12.,무선ARS(100),무선RDD,1000,31.1 ,5.6 ,±3.1,41.1,37.8,2.6,4.9,1.1,2.6,9.0,0.8
14270,엠브레인퍼블릭,YTN,25.05.11.~12.,무선전화면접(100),가상번호,1003,19.0 ,22.0 ,±3.1,45,34,3,5,-,2,10,1
14271,미디어리서치,뉴스핌,25.05.12.~13.,무선ARS(100),무선RDD,1000,23.1 ,6.5 ,±3.1,46.5,35.5,2.9,6.3,1.0,1.6,5.7,0.5
14272,코리아정보리서치,천지일보,25.05.12.~13.,무선ARS(100),무선RDD,1002,25.4 ,4.4 ,±3.1,43.3,36.9,3.0,4.6,0.6,2.1,8.9,0.6
14274,한국갤럽조사연구소,뉴스1,25.05.12.~13.,무선전화면접(100),가상번호,1002,28.9 ,18.9 ,±3.1,47,33,2,5,1,1,11,1
14275,여론조사꽃,여론조사꽃 자체조사,25.05.10.~13.,무선ARS(100),가상번호,15003,38.4 ,9.8 ,±0.8,49.3,36.2,2.8,6.1,1.0,2.0,2.3,0.4
14276,여론조사공정,펜앤마이크,25.05.12.~13.,무선ARS(100),무선RDD,1009,26.3 ,4.9 ,±3.1,45.5,36.3,2.2,6.5,0.9,1.9,5.4,1.4
14277,여론조사꽃,여론조사꽃 자체조사,25.05.12.~13.,무선전화면접(100),가상번호,2004,23.6 ,20.0 ,±2.2,51.9,30.6,2.1,5.5,0.4,1.0,8.3,0.2
14278,KOPRA,아시아투데이,25.05.13.,무선ARS(100),무선RDD,1004,35.2 ,7.8 ,±3.1,37,31,8,8,2,3,10,1
14279,메타보이스,오마이뉴스/오마이TV,25.05.12.~13.,무선ARS(100),무선RDD,1009,24.3 ,3.2 ,±3.1,42.0,36.8,2.3,6.6,0.8,4.7,5.8,1.0
14280,여론조사공정,뉴스피릿,25.05.12.~13.,무선ARS(100),무선RDD,1001,24.8 ,5.7 ,±3.1,42.0,34.9,4.8,7.7,1.3,3.0,5.7,0.6
14281,리서치뷰,KPI뉴스,25.05.12.~13.,무선ARS(100),무선RDD,1000,27.9 ,4.6 ,±3.1,42.8,31.8,5.0,6.7,1.2,4.8,6.4,1.3
14283,미디어토마토,뉴스토마토,25.05.12.~13.,무선ARS(100),무선RDD,1033,24.4 ,5.1 ,±3.0,49.1,32.8,2.6,5.1,0.7,2.6,6.4,0.6
14286,"케이스탯리서치,
코리아리서치인터내셔널","엠브레인퍼블릭, 케이스탯리서치,
코리아리서치인터내셔널, 한국리서치",25.05.12.~14.,무선전화면접(100),가상번호,1000,24.8 ,27.6 ,±3.1,42,28,5,4,1,1,18,1
14290,한길리서치,폴리뉴스,25.05.13.~14.,유선ARS(0.1)+무선ARS(99.9),유무선RDD,1002,25.6 ,1.9 ,±3.1,41.1,36.7,3.5,5.6,1.1,2.7,7.9,1.3
14291,여론조사공정,데일리안,25.05.13.~14.,무선ARS(100),무선RDD,1001,25.6 ,5.0 ,±3.1,41.9,39.4,1.7,6.5,0.7,2.9,6.0,0.9
14295,윈지코리아컨설팅,서울의소리,25.05.14.,무선ARS(100),무선RDD,1000,26.6 ,4.0 ,±3.1,44.2,39.3,3.2,6.8,1.6,2.4,2.6,0.1
14297,한국리서치,KBS,25.05.13.~15.,무선전화면접(100),가상번호,1000,30.9 ,18.3 ,±3.1,39,31,5,7,1,1,15,1
14298,리얼미터,미디어트리뷴,25.05.13.~14.,무선ARS(100),무선RDD,1005,27.5 ,9.6 ,±3.1,46.6,32.7,2.9,5.5,0.6,5.5,5.6,0.5
14299,여론조사꽃,여론조사꽃 자체조사,25.05.14.~15.,무선전화면접(100),가상번호,2012,23.5 ,19.5 ,±2.2,50.8,31.3,2.1,6.3,0.5,1.3,7.5,0.3
14300,한국갤럽조사연구소,한국갤럽 자체조사,25.05.13.~15.,무선전화면접(100),가상번호,1004,40.7 ,16.4 ,±3.1,48,30,2,4,1,1.1,12,2
14301,여론조사공정,펜앤마이크,25.05.14.~15.,무선ARS(100),무선RDD,1001,27.4 ,4.6 ,±3.1,43.1,38.3,3.3,5.9,0.7,2.8,4.3,1.4
14302,코리아리서치인터내셔널,MBC,25.05.14.~15.,무선전화면접(100),가상번호,1003,20.2 ,25.7 ,±3.1,47,32,2,6,1,1,10,1
14303,코리아정보리서치,천지일보,25.05.15.~16.,무선ARS(100),무선RDD,1005,26.6 ,5.5 ,±3.1,46.1,34.9,2.6,4.9,0.5,2.5,7.4,1.1
14305,리얼미터,에너지경제신문,25.05.14.~16.,무선ARS(100),무선RDD,1509,26.6 ,8.4 ,±2.5,46.4,34.2,2.8,5.9,0.9,2.2,7.2,0.4
14306,KSOI(한국사회여론연구소),CBS,25.05.16.~17.,무선ARS(100),가상번호,1007,53.4 ,6.5 ,±3.1,43.9,35.3,2.9,6.7,0.9,1.9,7.2,1.2
14307,리서치민,뉴데일리,25.05.16.~17.,무선ARS(100),무선RDD,2005,26.3 ,5.6 ,±2.2,45.3,38.8,2.0,5.5,0.6,1.6,5.2,1.0
14308,여론조사꽃,여론조사꽃 자체조사,25.05.16.~17.,무선전화면접(100),가상번호,2007,24.8 ,17.3 ,±2.2,50.3,32.0,2.7,5.8,0.5,1.0,7.6,0.1
14309,KOPRA,아시아투데이,25.05.17.,무선ARS(100),무선RDD,1005,29.7 ,9.1 ,±3.1,39,32,6,9,2,2,9,1
14310,입소스 주식회사,한국경제신문사,25.05.16.~17.,무선전화면접(100),가상번호,1002,26.2 ,16.8 ,±3.1,49,33,3,6,0,1,7,0
14312,넥스트리서치,MBN/매일경제,25.05.16.~18.,무선전화면접(100),가상번호,1007,26.3 ,16.7 ,±3.1,46.1,34.4,1.7,5.5,0.5,1.4,9.7,0.7
